Test Accuracy,Test Precision,Test Recall,Test F1
0.8337939202526649,0.6976967370441459,0.8727490996398559,0.7754666666666666
