Metric,Mean,Standard Deviation
Accuracy,0.8100880999068025,0.010109063939590825
Precision,0.6720631248152479,0.012054845256360653
Recall,0.8250900360144058,0.02955254545073272
F1,0.7405327636083051,0.015838731825360757
Loss,0.4240941,0.016368516
