Test Accuracy,Test Precision,Test Recall,Test F1
0.8586656138965654,0.7205199628597957,0.9315726290516206,0.812565445026178
