Metric,Mean,Standard Deviation
Accuracy,0.8512123630274535,0.009152890162831155
Precision,0.7140190729646037,0.01778816556569478
Recall,0.9150060024009603,0.016701781790577377
F1,0.8018301320015914,0.009516482836902729
Loss,0.24416061,0.0053870105
